{
  "userId": "XA1VWF",
  "totalSum": 11291.42,
  "analyticInfo": {
    "1": {
      "min": 9306.45000000000072759576141834259033203125,
      "max": 9306.45000000000072759576141834259033203125,
      "sum": 9306.45000000000072759576141834259033203125
    },
    "3": {
      "min": 1984.970000000000027284841053187847137451171875,
      "max": 1984.970000000000027284841053187847137451171875,
      "sum": 1984.970000000000027284841053187847137451171875
    }
  }
}
